person_key,alias
mohammed_iqbal_radwan_daboul,Eng. Mohammed Iqbal Radwan Daboul
mohammed_iqbal_radwan_daboul,Mohammed Iqbal Radawan Daboul
mohammed_iqbal_radwan_daboul,المهندس / محمد اقبال رضوان دعبول
mohammed_iqbal_radwan_daboul,محمد اقبال رضوان دعبول
mohammed_iqbal_radwan_daboul,Eng. Mohammed Iqbal Radwan Daboul - Managing Director
mohammed_iqbal_radwan_daboul,المهندس / محمد اقبال رضوان دعبول - العضو المنتدب
mishal_abdul_rahman_al_aqla,Mr. Mishal Abdul Rahman Al-Aqla
mishal_abdul_rahman_al_aqla,مشعل عبد الرحمن العقلا
mishal_abdul_rahman_al_aqla,Meshaal bin Abdul Rahman AlOqla
abdul_rahman_ahmed_al_mufarreh,Dr. Abdul Rahman Ahmed Al-Mufarreh
abdul_rahman_ahmed_al_mufarreh,الدكتور/ عبد الرحمن احمد المفرح
obaid_saad_al_subaie,Dr. Obaid Saad Al-Subaie
obaid_saad_al_subaie,الدكتور/ عبيد سعد السبيعي
abdul_aziz_abdul_mohsen_al_bakr,Mr. Abdul Aziz Abdul Mohsen Al-Bakr
abdul_aziz_abdul_mohsen_al_bakr,الأستاذ / عبد العزيز عبد المحسن البكر
khaled_ahmed_al_hamdan,Mr. Khaled Ahmed Al-Hamdan
khaled_ahmed_al_hamdan,الأستاذ / خالد احمد الحمدان
khaled_muhammad_al_hanaki,Mr. Khaled Muhammad Al-Hanaki
khaled_muhammad_al_hanaki,الأستاذ / خالد محمد الحناكي
nael_samir_fayez,Mr. Nael Samir Fayez
nael_samir_fayez,الأستاذ / نائل سمير فايز
ibrahim_al_assaf,H.E. Dr. Ibrahim A. Al-Assaf
ibrahim_al_assaf,معالي الدكتور/ إبراهيم بن عبد العزيز العساف
faisal_fadhil_alibrahim,H.E. Faisal Fadhil M. Alibrahim
faisal_fadhil_alibrahim,معالي الأستاذ/ فيصل بن فاضل الابراهيم
mohammed_al_jadaan,H.E. Mohammed A. Al-Jadaan
mohammed_al_jadaan,معالي الأستاذ/ محمد بن عبدالله الجدعان
yasir_al_rumayyan,H.E. Yasir O. Al-Rumayyan
yasir_al_rumayyan,معالي الأستاذ/ ياسر بن عثمان الرميان
amin_h_nasser,Mr. Amin H. Nasser
amin_h_nasser,الأستاذ/ أمين بن حسن الناصر
andrew_n_liveris,Mr. Andrew N. Liveris
andrew_n_liveris,السيد/ آندرو إن. ليفيرس
khalid_h_al_dabbagh,Mr. Khalid H. Al-Dabbagh
khalid_h_al_dabbagh,الأستاذ/ خالد بن هاشم الدباغ
mark_a_weinberger,Mr. Mark A. Weinberger
mark_a_weinberger,السيد/ مارك أ. واينبرغر
robert_w_dudley,Mr. Robert W. Dudley
robert_w_dudley,السيد/ روبرت و. ددلي
stuart_t_gulliver,Mr. Stuart T. Gulliver
stuart_t_gulliver,السيد/ ستيوارت تي. غوليفر
lynn_l_elsenhans,Ms. Lynn L. Elsenhans
lynn_l_elsenhans,السيدة/ لين لافرتي إلسنهانز
abdulraheem_abdullah_altowaijri,Abdulraheem Abdullah AlTowaijri
abdulraheem_abdullah_altowaijri,عبدالرحيم عبدالله التويجري
fahad_khalid_mohammed_alsaud,Fahad Khalid Mohammed AlSaud
fahad_khalid_mohammed_alsaud,فهد خالد محمد السعود
fahad_saleh_alhathloul,Fahad Saleh AlHathloul
fahad_saleh_alhathloul,فهد صالح الهذلول
khaled_mansour_alsalman,Khaled Mansour Alsalman
khaled_mansour_alsalman,خالد منصور السلمان
mohammed_nabil_hefni,Mohammed Nabil Hefni
mohammed_nabil_hefni,محمد نبيل محمد حسن حفني
muhannad_kusai_al_azzawi,Muhannad Kusai Al-Azzawi
muhannad_kusai_al_azzawi,مهند قصي العزاوي
mustafa_akram_abuqube,Mustafa Akram Abuqube
mustafa_akram_abuqube,مصطفى أكرم أبوقبع
naif_saleh_ali_alhamdan,Naif Saleh Ali Alhamdan
naif_saleh_ali_alhamdan,نايف صالح علي الحمدان
pawan_dhanraj_chindalia,Pawan Dhanraj Chindalia
pawan_dhanraj_chindalia,باوان دهانراج شينداليا
abubakr_abdulla_alfuttaim,Abubakr Abdulla AlFuttaim
abubakr_abdulla_alfuttaim,أبوبكرعبدالله الفطيم
ahmed_wassim_alarabi,Ahmed Wassim Alarabi
ahmed_wassim_alarabi,أحمد وسيم العرابي
hamad_bin_hamdan_alsourayia,Hamad Bin Hamdan AlSourayia
hamad_bin_hamdan_alsourayia,حمد بن حمدان السريع
hussein_bin_ali_shobokshi,Hussein Bin Ali Shobokshi
hussein_bin_ali_shobokshi,حسين بن علي شبكشي
ismail_hassan_elkhatib,Ismail Hassan Elkhatib
ismail_hassan_elkhatib,إسماعيل حسن الخطيب
jon_abrahamsson_ring,Jon Abrahamsson Ring
jon_abrahamsson_ring,جون ابراهامسون رينج
majed_kamaluddin_najm,Majed Kamaluddin Najm
majed_kamaluddin_najm,ماجد كمال الدين نجم
russell_michael_rodrigues,Russell Michael Rodrigues
russell_michael_rodrigues,روسيل مايكل رودريجوس
tarek_muhammed_tantawi,Tarek Muhammed Tantawi
tarek_muhammed_tantawi,طارق محمد طنطاوي
abdul_rahman_hassan_al_amoudi,Abdul Rahman Hassan Abdul Rahman Al-Amoudi
abdul_rahman_hassan_al_amoudi,عبدالرحمن حسن عبدالرحمن العمودي
ali_yahya_al_jaafari,Ali Yahya Ali Muhammad al-Jaafari
ali_yahya_al_jaafari,علي يحيى علي محمد الجعفري
fayez_saleh_bin_mahfouz,Fayez Saleh Abdullah bin Mahfouz
fayez_saleh_bin_mahfouz,فائز صالح عبدالله بن محفوظ
muhammad_ibrahim_al_amer,Muhammad Ibrahim Muhammad Al-Amer
muhammad_ibrahim_al_amer,محمد إبراهيم محمد العامر
yasser_muhammad_al_jarallah,Yasser Muhammad Nasser Al Jarallah
yasser_muhammad_al_jarallah,ياسر محمد ناصر ال جار الله
abdul_aziz_ali_al_hudaib,Abdul Aziz Ali Al-Hudaib
abdul_aziz_ali_al_hudaib,عبد العزيز علي الهديب
abdullah_mutlaq_al_shaii,Abdullah Mutlaq Abdullah Al-Shai'i
abdullah_mutlaq_al_shaii,عبد الله  مطلق عبد الله الشايعي
moayad_ibrahim_almazrou,Moayad Ibrahim Almazrou
moayad_ibrahim_almazrou,مؤيد ابراهيم المزروع
abdulkarim_mohamed_alrajhi,ABDULKARIM MOHAMED ALRAJHI
abdulkarim_mohamed_alrajhi,عبدالكريم محمد الراجحي
abdullah_ahmed_al_samaani,Abdullah Ahmed bin Saleh Al-Samaani
abdullah_ahmed_al_samaani,عبدالله أحمد بن صالح الصمعاني
faisal_mohamed_hammad_elobiad,Faisal moahamed hammad elobiad
faisal_mohamed_hammad_elobiad,فيصل محمد حماد العبيد
mashari_abdulkarim_alrajhi,Mashari Abdulkarim Alrajhi
mashari_abdulkarim_alrajhi,مشاري عبد الكريم الراجحي
meshal_abdulkarim_alrajhi,Meshal Abdulkarim Alrajhi
meshal_abdulkarim_alrajhi,مشعل عبد الكريم الراجحي
yousef_mohammed_alturaif,Yousef Mohammed Alturaif
yousef_mohammed_alturaif,يوسف محمد الطريف
abdullah_abdulhadi_alqahtani,Abdullah Abdulhadi Abdullah Al-Qahtani
abdullah_abdulhadi_alqahtani,عبدالله عبدالهادي عبدالله القحطاني
salah_abdul_hadi_alqahtani,Salah Abdul Hadi Abdullah Al-Qahtani
salah_abdul_hadi_alqahtani,صلاح عبدالهادي عبدالله القحطاني
salah_abdul_hadi_alqahtani,العضو المنتدب - صلاح بن عبدالهادي القحطاني
salah_abdul_rahman_al_hazzami,Salah Abdul Rahman Saleh Al-Hazzami
salah_abdul_rahman_al_hazzami,صلاح عبدالرحمن صالح الحزامي
tariq_abdel_hadi_alqahtani,Tariq Abdel hadi Alqahtani
tariq_abdel_hadi_alqahtani,طارق بن عبدالهادي القحطاني
abdulelah_mohammed_faraj_altunisi,Abdulelah Mohammed Faraj Altunisi
abdulelah_mohammed_faraj_altunisi,عبدالاله محمد فرج التونسي
khalid_mohammed_farhan_alammar,KHALID MOHAMMED FARHAN ALAMMAR
khalid_mohammed_farhan_alammar,خالد محمد فرحان العمار
mohammed_abdullah_fahad_alajlan,MOHAMMED ABDULLAH FAHAD ALAJLAN
mohammed_abdullah_fahad_alajlan,محمد عبدالله فهد العجلان
nasser_abdulrahman_alzamil,NASSER ABDULRAHMAN ABDULLAH ALZAMIL
nasser_abdulrahman_alzamil,ناصر عبدالرحمن عبدالله الزامل
sadoon_khalid_sadoon_alkhaldi,Sadoon Khalid Sadoon ALKhaldi
sadoon_khalid_sadoon_alkhaldi,سعدون خالد سعدون الخالدي
abdulaziz_hushaim_al_anazi,Abdulaziz Hushaim Ashwi Al-Anazi
abdulaziz_hushaim_al_anazi,عبدالعزيز حشيم عشوي العنزي
bassem_mohammed_ali_abunmi,Bassem Mohammed Ali Hussain Abunmi
bassem_mohammed_ali_abunmi,باسم محمد علي حسين ابو نمي
fahd_abdulaziz_bin_hashr,Fahd Abdulaziz Nasser bin Hashr
fahd_abdulaziz_bin_hashr,فهد عبدالعزيز ناصر بن حشر
mansour_abdullaziz_bin_hashr,Mansour Abdullaziz Bin Hashr
mansour_abdullaziz_bin_hashr,منصور بن عبدالعزيز بن حشر
turki_mohammed_hamad_al_madhi,Turki Mohammed Hamad Al-Madhi
turki_mohammed_hamad_al_madhi,تركي محمد حمد الماضي
yacub_zuhier_al_nazer,Mr.Yacub Zuhier Al-nazer
yacub_zuhier_al_nazer,الأستاذ / يعقوب زهير الناظر
ziad_t_al_murshed,Mr. Ziad T. Al- Murshed
ziad_t_al_murshed,الأستاذ/ زياد بن ثامر المرشد
abdulaziz_ibrahim_alnowaiser,Abdulaziz Ibrahim Alnowaiser
abdulaziz_ibrahim_alnowaiser,عبدالعزيز إبراهيم النويصر
mohammed_ibrahim_mohammed_alarifi,Mohammed Ibrahim Mohammed Alarifi
mohammed_ibrahim_mohammed_alarifi,محمد أبراهيم محمد العريفي
ahmed_salim_abdulkareem,Ahmed Salim Abdulkareem
ahmed_salim_abdulkareem,أحمد سليم عبدالكريم
sameer_jain,Sameer Jain
sameer_jain,سمير جين
reda_labib_hafez_abul_naga,Reda Labib Hafez Abul Naga
reda_labib_hafez_abul_naga,رضا لبيب حافظ ابوالنجا
salah_aldeen_j_mohammed,salah aldeen J. mohammed
salah_aldeen_j_mohammed,صلاح الدين جميل محمد
mohamed_hamdy_ahmed,Mohamed Hamdy Ahmed
mohamed_hamdy_ahmed,محمد حمدي أحمد
mohammed_tabish,Mohammed Tabish
mohammed_tabish,محمد طابش
hsan_mohammed_fares_alshbli,HSAN MOHAMMED FARES ALSHBLI
hsan_mohammed_fares_alshbli,حسن محمد فارس الشبلي
mohammed_gamal_abd_aziz_saber,Mohammed Gamal Abd ALAziz Saber
mohammed_gamal_abd_aziz_saber,محمد جمال عبدالعزيز صابر
mahmoud_mohammed_abdulsalam,Mahmoud Mohammed Abdullsalam Abdullatif
mahmoud_mohammed_abdulsalam,محمود محمد عبدالسلام عبداللطيف